ss1, 1
ss2, 1
ss3, 1
ss4, 1
ss5, 1
ss6, 1
ss7, 1
ss8, 1
ss9, 1
ss10, 1
ss11, 1
ss12, 1
ss13, 1
ss14, 1
ss15, 1
ss16, 1
ss17, 1
ss18, 1
ss19, 1
ss20, 1
ss21, 1
ss22, 1
ss23, 1
ss24, 1
ss25, 1
ss26, 1
ss27, 1
ss28, 1
ss29, 1
ss30, 1
ss31, 1
ss32, 1
ss33, 1
ss34, 1
ss35, 1
ss36, 1
ss37, 1
ss38, 1
ss39, 1
ss40, 1
ss41, 1
ss42, 1
ss43, 1
ss44, 1
ss45, 1
ss46, 1
ss47, 1
ss48, 1
ss49, 1
ss50, 1
ss51, 1
ss52, 1
ss53, 1
ss54, 1
ss55, 1
ss56, 1
ss57, 1
ss58, 1
ss59, 1
ss60, 1
ss61, 1
ss62, 1
ss63, 1
ss64, 1
ss65, 1
ss66, 1
ss67, 1
ss68, 1
ss69, 1
ss70, 1
ss71, 1
ss72, 1
ss73, 1
ss74, 1
ss75, 1
ss76, 1
ss77, 1
ss78, 1
ss79, 1
ss80, 1
ss81, 1
ss82, 1
ss83, 1
ss84, 1
ss85, 1
ss86, 1
ss87, 1
ss88, 1
ss89, 1
ss90, 1
ss91, 1
ss92, 1
ss93, 1
ss94, 1
ss95, 1
ss96, 1
ss97, 1
ss98, 1
ss99, 1
ss1, 1
ss2, 1
ss3, 1
ss4, 1
ss5, 1
ss6, 1
ss7, 1
ss8, 1
ss9, 1
ss10, 1
ss11, 1
ss12, 1
ss13, 1
ss14, 1
ss15, 1
ss16, 1
ss17, 1
ss18, 1
ss19, 1
ss20, 1
ss21, 1
ss22, 1
ss23, 1
ss24, 1
ss25, 1
ss26, 1
ss27, 1
ss28, 1
ss29, 1
ss30, 1
ss31, 1
ss32, 1
ss33, 1
ss34, 1
ss35, 1
ss36, 1
ss37, 1
ss38, 1
ss39, 1
ss40, 1
ss41, 1
ss42, 1
ss43, 1
ss44, 1
ss45, 1
ss46, 1
ss47, 1
ss48, 1
ss49, 1
ss50, 1
ss51, 1
ss52, 1
ss53, 1
ss54, 1
ss55, 1
ss56, 1
ss57, 1
ss58, 1
ss59, 1
ss60, 1
ss61, 1
ss62, 1
ss63, 1
ss64, 1
ss65, 1
ss66, 1
ss67, 1
ss68, 1
ss69, 1
ss70, 1
ss71, 1
ss72, 1
ss73, 1
ss74, 1
ss75, 1
ss76, 1
ss77, 1
ss78, 1
ss79, 1
ss80, 1
ss81, 1
ss82, 1
ss83, 1
ss84, 1
ss85, 1
ss86, 1
ss87, 1
ss88, 1
ss89, 1
ss90, 1
ss91, 1
ss92, 1
ss93, 1
ss94, 1
ss95, 1
ss96, 1
ss97, 1
ss98, 1
ss99, 1
ss1, 1
ss2, 1
ss3, 1
ss4, 1
ss5, 1
ss6, 1
ss7, 1
ss8, 1
ss9, 1
ss10, 1
ss11, 1
ss12, 1
ss13, 1
ss14, 1
ss15, 1
ss16, 1
ss17, 1
ss18, 1
ss19, 1
ss20, 1
ss21, 1
ss22, 1
ss23, 1
ss24, 1
ss25, 1
ss26, 1
ss27, 1
ss28, 1
ss29, 1
ss30, 1
ss31, 1
ss32, 1
ss33, 1
ss34, 1
ss35, 1
ss36, 1
ss37, 1
ss38, 1
ss39, 1
ss40, 1
ss41, 1
ss42, 1
ss43, 1
ss44, 1
ss45, 1
ss46, 1
ss47, 1
ss48, 1
ss49, 1
ss50, 1
ss51, 1
ss52, 1
ss53, 1
ss54, 1
ss55, 1
ss56, 1
ss57, 1
ss58, 1
ss59, 1
ss60, 1
ss61, 1
ss62, 1
ss63, 1
ss64, 1
ss65, 1
ss66, 1
ss67, 1
ss68, 1
ss69, 1
ss70, 1
ss71, 1
ss72, 1
ss73, 1
ss74, 1
ss75, 1
ss76, 1
ss77, 1
ss78, 1
ss79, 1
ss80, 1
ss81, 1
ss82, 1
ss83, 1
ss84, 1
ss85, 1
ss86, 1
ss87, 1
ss88, 1
ss89, 1
ss90, 1
ss91, 1
ss92, 1
ss93, 1
ss94, 1
ss95, 1
ss96, 1
ss97, 1
ss98, 1
ss99, 1
